file,class,method,variable,usage
/Users/victorfrancorezende/./commons-logging/src/test/java/org/apache/commons/logging/security/SecurityForbiddenTestCase.java,org.apache.commons.logging.security.SecurityForbiddenTestCase,testAllForbidden/0,oldSecMgr,2
/Users/victorfrancorezende/./commons-logging/src/test/java/org/apache/commons/logging/security/SecurityForbiddenTestCase.java,org.apache.commons.logging.security.SecurityForbiddenTestCase,setUp/0,oldSecMgr,1
/Users/victorfrancorezende/./commons-logging/src/test/java/org/apache/commons/logging/security/SecurityForbiddenTestCase.java,org.apache.commons.logging.security.SecurityForbiddenTestCase,setUp/0,otherClassLoader,1
/Users/victorfrancorezende/./commons-logging/src/test/java/org/apache/commons/logging/security/SecurityForbiddenTestCase.java,org.apache.commons.logging.security.SecurityForbiddenTestCase,testContextClassLoader/0,oldSecMgr,2
/Users/victorfrancorezende/./commons-logging/src/test/java/org/apache/commons/logging/security/SecurityForbiddenTestCase.java,org.apache.commons.logging.security.SecurityForbiddenTestCase,testContextClassLoader/0,otherClassLoader,1
/Users/victorfrancorezende/./commons-logging/src/test/java/org/apache/commons/logging/security/SecurityForbiddenTestCase.java,org.apache.commons.logging.security.SecurityForbiddenTestCase,tearDown/0,oldSecMgr,1
/Users/victorfrancorezende/./commons-logging/src/main/java/org/apache/commons/logging/impl/WeakHashtable.java,org.apache.commons.logging.impl.WeakHashtable$WeakKey,getReferenced/0,referenced,1
/Users/victorfrancorezende/./commons-logging/src/main/java/org/apache/commons/logging/impl/WeakHashtable.java,org.apache.commons.logging.impl.WeakHashtable$WeakKey,"WeakKey/3[java.lang.Object,java.lang.ref.ReferenceQueue,org.apache.commons.logging.impl.WeakHashtable.Referenced]",referenced,3
/Users/victorfrancorezende/./commons-logging/src/test/java/org/apache/commons/logging/jdk14/CustomConfigTestCase.java,org.apache.commons.logging.jdk14.CustomConfigTestCase,checkLogRecords/1[boolean],handler,2
/Users/victorfrancorezende/./commons-logging/src/test/java/org/apache/commons/logging/jdk14/CustomConfigTestCase.java,org.apache.commons.logging.jdk14.CustomConfigTestCase,checkLogRecords/1[boolean],testLevels,1
/Users/victorfrancorezende/./commons-logging/src/test/java/org/apache/commons/logging/jdk14/CustomConfigTestCase.java,org.apache.commons.logging.jdk14.CustomConfigTestCase,checkLogRecords/1[boolean],testMessages,1
/Users/victorfrancorezende/./commons-logging/src/test/java/org/apache/commons/logging/jdk14/CustomConfigTestCase.java,org.apache.commons.logging.jdk14.CustomConfigTestCase,suite/0,HANDLER_NAME,2
/Users/victorfrancorezende/./commons-logging/src/test/java/org/apache/commons/logging/jdk14/CustomConfigTestCase.java,org.apache.commons.logging.jdk14.CustomConfigTestCase,setUpLogger/1[java.lang.String],logger,1
/Users/victorfrancorezende/./commons-logging/src/test/java/org/apache/commons/logging/jdk14/CustomConfigTestCase.java,org.apache.commons.logging.jdk14.CustomConfigTestCase,setUpManager/1[java.lang.String],manager,2
/Users/victorfrancorezende/./commons-logging/src/test/java/org/apache/commons/logging/jdk14/CustomConfigTestCase.java,org.apache.commons.logging.jdk14.CustomConfigTestCase,setUpHandlers/0,handler,1
/Users/victorfrancorezende/./commons-logging/src/test/java/org/apache/commons/logging/jdk14/CustomConfigTestCase.java,org.apache.commons.logging.jdk14.CustomConfigTestCase,setUpHandlers/0,handlers,5
/Users/victorfrancorezende/./commons-logging/src/test/java/org/apache/commons/logging/jdk14/CustomConfigTestCase.java,org.apache.commons.logging.jdk14.CustomConfigTestCase,setUpHandlers/0,logger,1
/Users/victorfrancorezende/./commons-logging/src/test/java/org/apache/commons/logging/jdk14/CustomConfigTestCase.java,org.apache.commons.logging.jdk14.CustomConfigTestCase,testPristineLogger/0,logger,9
/Users/victorfrancorezende/./commons-logging/src/test/java/org/apache/commons/logging/jdk14/CustomConfigTestCase.java,org.apache.commons.logging.jdk14.CustomConfigTestCase,tearDown/0,manager,1
/Users/victorfrancorezende/./commons-logging/src/test/java/org/apache/commons/logging/jdk14/CustomConfigTestCase.java,org.apache.commons.logging.jdk14.CustomConfigTestCase,tearDown/0,handlers,1
/Users/victorfrancorezende/./commons-logging/src/test/java/org/apache/commons/logging/jdk14/CustomConfigTestCase.java,org.apache.commons.logging.jdk14.CustomConfigTestCase,tearDown/0,logger,1
/Users/victorfrancorezende/./commons-logging/src/test/java/org/apache/commons/logging/jdk14/CustomConfigTestCase.java,org.apache.commons.logging.jdk14.CustomConfigTestCase,testPristineHandlers/0,handler,1
/Users/victorfrancorezende/./commons-logging/src/test/java/org/apache/commons/logging/jdk14/CustomConfigTestCase.java,org.apache.commons.logging.jdk14.CustomConfigTestCase,testPristineHandlers/0,handlers,2
/Users/victorfrancorezende/./commons-logging/src/main/java/org/apache/commons/logging/impl/SimpleLog.java,org.apache.commons.logging.impl.SimpleLog,SimpleLog/1[java.lang.String],logName,2
/Users/victorfrancorezende/./commons-logging/src/main/java/org/apache/commons/logging/impl/SimpleLog.java,org.apache.commons.logging.impl.SimpleLog,SimpleLog/1[java.lang.String],systemPrefix,3
/Users/victorfrancorezende/./commons-logging/src/main/java/org/apache/commons/logging/impl/SimpleLog.java,org.apache.commons.logging.impl.SimpleLog,getStringProperty/1[java.lang.String],simpleLogProps,1
/Users/victorfrancorezende/./commons-logging/src/main/java/org/apache/commons/logging/impl/SimpleLog.java,org.apache.commons.logging.impl.SimpleLog,setLevel/1[int],currentLogLevel,4
/Users/victorfrancorezende/./commons-logging/src/main/java/org/apache/commons/logging/impl/SimpleLog.java,org.apache.commons.logging.impl.SimpleLog,getLevel/0,currentLogLevel,1
/Users/victorfrancorezende/./commons-logging/src/main/java/org/apache/commons/logging/impl/SimpleLog.java,org.apache.commons.logging.impl.SimpleLog,"log/3[int,java.lang.Object,java.lang.Throwable]",shortLogName,3
/Users/victorfrancorezende/./commons-logging/src/main/java/org/apache/commons/logging/impl/SimpleLog.java,org.apache.commons.logging.impl.SimpleLog,"log/3[int,java.lang.Object,java.lang.Throwable]",logName,3
/Users/victorfrancorezende/./commons-logging/src/main/java/org/apache/commons/logging/impl/SimpleLog.java,org.apache.commons.logging.impl.SimpleLog,"log/3[int,java.lang.Object,java.lang.Throwable]",showShortName,1
/Users/victorfrancorezende/./commons-logging/src/main/java/org/apache/commons/logging/impl/SimpleLog.java,org.apache.commons.logging.impl.SimpleLog,"log/3[int,java.lang.Object,java.lang.Throwable]",dateFormatter,2
/Users/victorfrancorezende/./commons-logging/src/main/java/org/apache/commons/logging/impl/SimpleLog.java,org.apache.commons.logging.impl.SimpleLog,"log/3[int,java.lang.Object,java.lang.Throwable]",showDateTime,1
/Users/victorfrancorezende/./commons-logging/src/main/java/org/apache/commons/logging/impl/SimpleLog.java,org.apache.commons.logging.impl.SimpleLog,"log/3[int,java.lang.Object,java.lang.Throwable]",showLogName,1
/Users/victorfrancorezende/./commons-logging/src/main/java/org/apache/commons/logging/impl/SimpleLog.java,org.apache.commons.logging.impl.SimpleLog,isLevelEnabled/1[int],currentLogLevel,1
/Users/victorfrancorezende/./commons-logging/src/test/java/org/apache/commons/logging/security/MockSecurityManager.java,org.apache.commons.logging.security.MockSecurityManager,checkPermission/1[java.security.Permission],setSecurityManagerPerm,1
/Users/victorfrancorezende/./commons-logging/src/test/java/org/apache/commons/logging/security/MockSecurityManager.java,org.apache.commons.logging.security.MockSecurityManager,checkPermission/1[java.security.Permission],untrustedCodeCount,1
/Users/victorfrancorezende/./commons-logging/src/test/java/org/apache/commons/logging/security/MockSecurityManager.java,org.apache.commons.logging.security.MockSecurityManager,checkPermission/1[java.security.Permission],permissions,1
/Users/victorfrancorezende/./commons-logging/src/test/java/org/apache/commons/logging/security/MockSecurityManager.java,org.apache.commons.logging.security.MockSecurityManager,addPermission/1[java.security.Permission],permissions,1
/Users/victorfrancorezende/./commons-logging/src/test/java/org/apache/commons/logging/security/MockSecurityManager.java,org.apache.commons.logging.security.MockSecurityManager,getUntrustedCodeCount/0,untrustedCodeCount,1
/Users/victorfrancorezende/./commons-logging/src/test/java/org/apache/commons/logging/security/MockSecurityManager.java,org.apache.commons.logging.security.MockSecurityManager,MockSecurityManager/0,setSecurityManagerPerm,1
/Users/victorfrancorezende/./commons-logging/src/test/java/org/apache/commons/logging/security/MockSecurityManager.java,org.apache.commons.logging.security.MockSecurityManager,MockSecurityManager/0,permissions,1
/Users/victorfrancorezende/./commons-logging/src/test/java/org/apache/commons/logging/simple/CustomConfigTestCase.java,org.apache.commons.logging.simple.CustomConfigTestCase,setUp/0,expected,1
/Users/victorfrancorezende/./commons-logging/src/test/java/org/apache/commons/logging/simple/CustomConfigTestCase.java,org.apache.commons.logging.simple.CustomConfigTestCase,tearDown/0,expected,1
/Users/victorfrancorezende/./commons-logging/src/test/java/org/apache/commons/logging/simple/CustomConfigTestCase.java,org.apache.commons.logging.simple.CustomConfigTestCase,checkExpected/0,expected,1
/Users/victorfrancorezende/./commons-logging/src/test/java/org/apache/commons/logging/simple/CustomConfigTestCase.java,org.apache.commons.logging.simple.CustomConfigTestCase,logPlainMessages/0,expected,5
/Users/victorfrancorezende/./commons-logging/src/test/java/org/apache/commons/logging/simple/CustomConfigTestCase.java,org.apache.commons.logging.simple.CustomConfigTestCase,logExceptionMessages/0,expected,5
/Users/victorfrancorezende/./commons-logging/src/main/java/org/apache/commons/logging/LogSource.java,org.apache.commons.logging.LogSource,makeNewLogInstance/1[java.lang.String],logImplctor,1
/Users/victorfrancorezende/./commons-logging/src/main/java/org/apache/commons/logging/LogSource.java,org.apache.commons.logging.LogSource,setLogImplementation/1[java.lang.Class],logImplctor,1
/Users/victorfrancorezende/./commons-logging/src/main/java/org/apache/commons/logging/LogSource.java,org.apache.commons.logging.LogSource,getInstance/1[java.lang.String],logs,2
/Users/victorfrancorezende/./commons-logging/src/main/java/org/apache/commons/logging/LogSource.java,org.apache.commons.logging.LogSource,getLogNames/0,logs,1
/Users/victorfrancorezende/./commons-logging/src/main/java/org/apache/commons/logging/LogSource.java,org.apache.commons.logging.LogSource,getLogNames/0,EMPTY_STRING_ARRAY,1
/Users/victorfrancorezende/./commons-logging/src/main/java/org/apache/commons/logging/LogSource.java,org.apache.commons.logging.LogSource,setLogImplementation/1[java.lang.String],logImplctor,2
/Users/victorfrancorezende/./commons-logging/src/main/java/org/apache/commons/logging/impl/AvalonLogger.java,org.apache.commons.logging.impl.AvalonLogger,getLogger/0,logger,1
/Users/victorfrancorezende/./commons-logging/src/main/java/org/apache/commons/logging/impl/AvalonLogger.java,org.apache.commons.logging.impl.AvalonLogger,setDefaultLogger/1[org.apache.commons.logging.impl.Logger],logger,3
/Users/victorfrancorezende/./commons-logging/src/main/java/org/apache/commons/logging/impl/AvalonLogger.java,org.apache.commons.logging.impl.AvalonLogger,setDefaultLogger/1[org.apache.commons.logging.impl.Logger],defaultLogger,1
/Users/victorfrancorezende/./commons-logging/src/main/java/org/apache/commons/logging/impl/AvalonLogger.java,org.apache.commons.logging.impl.AvalonLogger,AvalonLogger/1[java.lang.String],logger,1
/Users/victorfrancorezende/./commons-logging/src/main/java/org/apache/commons/logging/impl/AvalonLogger.java,org.apache.commons.logging.impl.AvalonLogger,AvalonLogger/1[java.lang.String],defaultLogger,2
/Users/victorfrancorezende/./commons-logging/src/main/java/org/apache/commons/logging/impl/AvalonLogger.java,org.apache.commons.logging.impl.AvalonLogger,AvalonLogger/1[org.apache.commons.logging.impl.Logger],logger,4
/Users/victorfrancorezende/./commons-logging/src/main/java/org/apache/commons/logging/impl/ServletContextCleaner.java,org.apache.commons.logging.impl.ServletContextCleaner,contextDestroyed/1[org.apache.commons.logging.impl.ServletContextEvent],RELEASE_SIGNATURE,1
/Users/victorfrancorezende/./commons-logging/src/test/java/org/apache/commons/logging/LoadTestCase.java,org.apache.commons.logging.LoadTestCase,tearDown/0,origContextClassLoader,1
/Users/victorfrancorezende/./commons-logging/src/test/java/org/apache/commons/logging/LoadTestCase.java,org.apache.commons.logging.LoadTestCase,setUp/0,origContextClassLoader,1
/Users/victorfrancorezende/./commons-logging/src/test/java/org/apache/commons/logging/simple/LogRecord.java,org.apache.commons.logging.simple.LogRecord,"LogRecord/3[int,java.lang.Object,java.lang.Throwable]",t,3
/Users/victorfrancorezende/./commons-logging/src/test/java/org/apache/commons/logging/simple/LogRecord.java,org.apache.commons.logging.simple.LogRecord,"LogRecord/3[int,java.lang.Object,java.lang.Throwable]",type,3
/Users/victorfrancorezende/./commons-logging/src/test/java/org/apache/commons/logging/simple/LogRecord.java,org.apache.commons.logging.simple.LogRecord,"LogRecord/3[int,java.lang.Object,java.lang.Throwable]",message,3
/Users/victorfrancorezende/./commons-logging/src/test/java/org/apache/commons/logging/AltHashtable.java,org.apache.commons.logging.AltHashtable,"put/2[java.lang.Object,java.lang.Object]",lastValue,1
/Users/victorfrancorezende/./commons-logging/src/test/java/org/apache/commons/logging/AltHashtable.java,org.apache.commons.logging.AltHashtable,"put/2[java.lang.Object,java.lang.Object]",lastKey,1
/Users/victorfrancorezende/./commons-logging/src/test/java/org/apache/commons/logging/PathableClassLoader.java,org.apache.commons.logging.PathableClassLoader,getResourceAsStream/1[java.lang.String],parentFirst,1
/Users/victorfrancorezende/./commons-logging/src/test/java/org/apache/commons/logging/PathableClassLoader.java,org.apache.commons.logging.PathableClassLoader,PathableClassLoader/1[java.lang.ClassLoader],NO_URLS,1
/Users/victorfrancorezende/./commons-logging/src/test/java/org/apache/commons/logging/PathableClassLoader.java,org.apache.commons.logging.PathableClassLoader,getResourcesInOrder/1[java.lang.String],parentFirst,1
/Users/victorfrancorezende/./commons-logging/src/test/java/org/apache/commons/logging/PathableClassLoader.java,org.apache.commons.logging.PathableClassLoader,setParentFirst/1[boolean],parentFirst,1
/Users/victorfrancorezende/./commons-logging/src/test/java/org/apache/commons/logging/PathableClassLoader.java,org.apache.commons.logging.PathableClassLoader,"useExplicitLoader/2[java.lang.String,java.lang.ClassLoader]",lookasides,3
/Users/victorfrancorezende/./commons-logging/src/test/java/org/apache/commons/logging/PathableClassLoader.java,org.apache.commons.logging.PathableClassLoader,"loadClass/2[java.lang.String,boolean]",lookasides,2
/Users/victorfrancorezende/./commons-logging/src/test/java/org/apache/commons/logging/PathableClassLoader.java,org.apache.commons.logging.PathableClassLoader,"loadClass/2[java.lang.String,boolean]",parentFirst,1
/Users/victorfrancorezende/./commons-logging/src/test/java/org/apache/commons/logging/PathableClassLoader.java,org.apache.commons.logging.PathableClassLoader,getResource/1[java.lang.String],parentFirst,1
/Users/victorfrancorezende/./commons-logging/src/main/java/org/apache/commons/logging/impl/WeakHashtable.java,org.apache.commons.logging.impl.WeakHashtable$Referenced,hashCode/0,hashCode,2
/Users/victorfrancorezende/./commons-logging/src/main/java/org/apache/commons/logging/impl/WeakHashtable.java,org.apache.commons.logging.impl.WeakHashtable$Referenced,Referenced/1[java.lang.Object],reference,1
/Users/victorfrancorezende/./commons-logging/src/main/java/org/apache/commons/logging/impl/WeakHashtable.java,org.apache.commons.logging.impl.WeakHashtable$Referenced,Referenced/1[java.lang.Object],hashCode,2
/Users/victorfrancorezende/./commons-logging/src/main/java/org/apache/commons/logging/impl/WeakHashtable.java,org.apache.commons.logging.impl.WeakHashtable$Referenced,"Referenced/2[java.lang.Object,java.lang.ref.ReferenceQueue]",reference,1
/Users/victorfrancorezende/./commons-logging/src/main/java/org/apache/commons/logging/impl/WeakHashtable.java,org.apache.commons.logging.impl.WeakHashtable$Referenced,"Referenced/2[java.lang.Object,java.lang.ref.ReferenceQueue]",hashCode,2
/Users/victorfrancorezende/./commons-logging/src/main/java/org/apache/commons/logging/impl/WeakHashtable.java,org.apache.commons.logging.impl.WeakHashtable$Referenced,equals/1[java.lang.Object],hashCode,2
/Users/victorfrancorezende/./commons-logging/src/main/java/org/apache/commons/logging/impl/WeakHashtable.java,org.apache.commons.logging.impl.WeakHashtable$Referenced,getValue/0,reference,1
/Users/victorfrancorezende/./commons-logging/src/main/java/org/apache/commons/logging/impl/WeakHashtable.java,org.apache.commons.logging.impl.WeakHashtable$Entry,setValue/1[java.lang.Object],value,1
/Users/victorfrancorezende/./commons-logging/src/main/java/org/apache/commons/logging/impl/WeakHashtable.java,org.apache.commons.logging.impl.WeakHashtable$Entry,"Entry/2[java.lang.Object,java.lang.Object]",value,3
/Users/victorfrancorezende/./commons-logging/src/main/java/org/apache/commons/logging/impl/WeakHashtable.java,org.apache.commons.logging.impl.WeakHashtable$Entry,"Entry/2[java.lang.Object,java.lang.Object]",key,3
/Users/victorfrancorezende/./commons-logging/src/main/java/org/apache/commons/logging/impl/WeakHashtable.java,org.apache.commons.logging.impl.WeakHashtable$Entry,getKey/0,key,1
/Users/victorfrancorezende/./commons-logging/src/main/java/org/apache/commons/logging/impl/WeakHashtable.java,org.apache.commons.logging.impl.WeakHashtable$Entry,getValue/0,value,1
/Users/victorfrancorezende/./commons-logging/src/main/java/org/apache/commons/logging/impl/Jdk13LumberjackLogger.java,org.apache.commons.logging.impl.Jdk13LumberjackLogger,"log/3[java.util.logging.Level,java.lang.String,java.lang.Throwable]",sourceMethodName,1
/Users/victorfrancorezende/./commons-logging/src/main/java/org/apache/commons/logging/impl/Jdk13LumberjackLogger.java,org.apache.commons.logging.impl.Jdk13LumberjackLogger,"log/3[java.util.logging.Level,java.lang.String,java.lang.Throwable]",sourceClassName,1
/Users/victorfrancorezende/./commons-logging/src/main/java/org/apache/commons/logging/impl/Jdk13LumberjackLogger.java,org.apache.commons.logging.impl.Jdk13LumberjackLogger,"log/3[java.util.logging.Level,java.lang.String,java.lang.Throwable]",classAndMethodFound,1
/Users/victorfrancorezende/./commons-logging/src/main/java/org/apache/commons/logging/impl/Jdk13LumberjackLogger.java,org.apache.commons.logging.impl.Jdk13LumberjackLogger,getClassAndMethod/0,sourceMethodName,1
/Users/victorfrancorezende/./commons-logging/src/main/java/org/apache/commons/logging/impl/Jdk13LumberjackLogger.java,org.apache.commons.logging.impl.Jdk13LumberjackLogger,getClassAndMethod/0,sourceClassName,1
/Users/victorfrancorezende/./commons-logging/src/main/java/org/apache/commons/logging/impl/Jdk13LumberjackLogger.java,org.apache.commons.logging.impl.Jdk13LumberjackLogger,getClassAndMethod/0,classAndMethodFound,1
/Users/victorfrancorezende/./commons-logging/src/main/java/org/apache/commons/logging/impl/Jdk13LumberjackLogger.java,org.apache.commons.logging.impl.Jdk13LumberjackLogger,getLogger/0,logger,3
/Users/victorfrancorezende/./commons-logging/src/main/java/org/apache/commons/logging/impl/Jdk13LumberjackLogger.java,org.apache.commons.logging.impl.Jdk13LumberjackLogger,getLogger/0,name,1
/Users/victorfrancorezende/./commons-logging/src/main/java/org/apache/commons/logging/impl/Jdk13LumberjackLogger.java,org.apache.commons.logging.impl.Jdk13LumberjackLogger,Jdk13LumberjackLogger/1[java.lang.String],logger,1
/Users/victorfrancorezende/./commons-logging/src/main/java/org/apache/commons/logging/impl/Jdk13LumberjackLogger.java,org.apache.commons.logging.impl.Jdk13LumberjackLogger,Jdk13LumberjackLogger/1[java.lang.String],name,4
/Users/victorfrancorezende/./commons-logging/src/test/java/org/apache/commons/logging/impl/WeakHashtableTestCase.java,org.apache.commons.logging.impl.WeakHashtableTestCase,testContainsValue/0,weakHashtable,7
/Users/victorfrancorezende/./commons-logging/src/test/java/org/apache/commons/logging/impl/WeakHashtableTestCase.java,org.apache.commons.logging.impl.WeakHashtableTestCase,testKeys/0,keyThree,1
/Users/victorfrancorezende/./commons-logging/src/test/java/org/apache/commons/logging/impl/WeakHashtableTestCase.java,org.apache.commons.logging.impl.WeakHashtableTestCase,testKeys/0,keyTwo,1
/Users/victorfrancorezende/./commons-logging/src/test/java/org/apache/commons/logging/impl/WeakHashtableTestCase.java,org.apache.commons.logging.impl.WeakHashtableTestCase,testKeys/0,weakHashtable,1
/Users/victorfrancorezende/./commons-logging/src/test/java/org/apache/commons/logging/impl/WeakHashtableTestCase.java,org.apache.commons.logging.impl.WeakHashtableTestCase,testKeys/0,keyOne,1
/Users/victorfrancorezende/./commons-logging/src/test/java/org/apache/commons/logging/impl/WeakHashtableTestCase.java,org.apache.commons.logging.impl.WeakHashtableTestCase,testPut/0,weakHashtable,4
/Users/victorfrancorezende/./commons-logging/src/test/java/org/apache/commons/logging/impl/WeakHashtableTestCase.java,org.apache.commons.logging.impl.WeakHashtableTestCase,testRemove/0,weakHashtable,3
/Users/victorfrancorezende/./commons-logging/src/test/java/org/apache/commons/logging/impl/WeakHashtableTestCase.java,org.apache.commons.logging.impl.WeakHashtableTestCase,testRemove/0,keyOne,2
/Users/victorfrancorezende/./commons-logging/src/test/java/org/apache/commons/logging/impl/WeakHashtableTestCase.java,org.apache.commons.logging.impl.WeakHashtableTestCase,testGet/0,keyThree,1
/Users/victorfrancorezende/./commons-logging/src/test/java/org/apache/commons/logging/impl/WeakHashtableTestCase.java,org.apache.commons.logging.impl.WeakHashtableTestCase,testGet/0,keyTwo,1
/Users/victorfrancorezende/./commons-logging/src/test/java/org/apache/commons/logging/impl/WeakHashtableTestCase.java,org.apache.commons.logging.impl.WeakHashtableTestCase,testGet/0,weakHashtable,4
/Users/victorfrancorezende/./commons-logging/src/test/java/org/apache/commons/logging/impl/WeakHashtableTestCase.java,org.apache.commons.logging.impl.WeakHashtableTestCase,testGet/0,valueOne,1
/Users/victorfrancorezende/./commons-logging/src/test/java/org/apache/commons/logging/impl/WeakHashtableTestCase.java,org.apache.commons.logging.impl.WeakHashtableTestCase,testGet/0,valueThree,1
/Users/victorfrancorezende/./commons-logging/src/test/java/org/apache/commons/logging/impl/WeakHashtableTestCase.java,org.apache.commons.logging.impl.WeakHashtableTestCase,testGet/0,keyOne,1
/Users/victorfrancorezende/./commons-logging/src/test/java/org/apache/commons/logging/impl/WeakHashtableTestCase.java,org.apache.commons.logging.impl.WeakHashtableTestCase,testGet/0,valueTwo,1
/Users/victorfrancorezende/./commons-logging/src/test/java/org/apache/commons/logging/impl/WeakHashtableTestCase.java,org.apache.commons.logging.impl.WeakHashtableTestCase,testElements/0,weakHashtable,1
/Users/victorfrancorezende/./commons-logging/src/test/java/org/apache/commons/logging/impl/WeakHashtableTestCase.java,org.apache.commons.logging.impl.WeakHashtableTestCase,testElements/0,valueOne,1
/Users/victorfrancorezende/./commons-logging/src/test/java/org/apache/commons/logging/impl/WeakHashtableTestCase.java,org.apache.commons.logging.impl.WeakHashtableTestCase,testElements/0,valueThree,1
/Users/victorfrancorezende/./commons-logging/src/test/java/org/apache/commons/logging/impl/WeakHashtableTestCase.java,org.apache.commons.logging.impl.WeakHashtableTestCase,testElements/0,valueTwo,1
/Users/victorfrancorezende/./commons-logging/src/test/java/org/apache/commons/logging/impl/WeakHashtableTestCase.java,org.apache.commons.logging.impl.WeakHashtableTestCase,setUp/0,keyThree,2
/Users/victorfrancorezende/./commons-logging/src/test/java/org/apache/commons/logging/impl/WeakHashtableTestCase.java,org.apache.commons.logging.impl.WeakHashtableTestCase,setUp/0,keyTwo,2
/Users/victorfrancorezende/./commons-logging/src/test/java/org/apache/commons/logging/impl/WeakHashtableTestCase.java,org.apache.commons.logging.impl.WeakHashtableTestCase,setUp/0,weakHashtable,4
/Users/victorfrancorezende/./commons-logging/src/test/java/org/apache/commons/logging/impl/WeakHashtableTestCase.java,org.apache.commons.logging.impl.WeakHashtableTestCase,setUp/0,valueOne,2
/Users/victorfrancorezende/./commons-logging/src/test/java/org/apache/commons/logging/impl/WeakHashtableTestCase.java,org.apache.commons.logging.impl.WeakHashtableTestCase,setUp/0,valueThree,2
/Users/victorfrancorezende/./commons-logging/src/test/java/org/apache/commons/logging/impl/WeakHashtableTestCase.java,org.apache.commons.logging.impl.WeakHashtableTestCase,setUp/0,keyOne,2
/Users/victorfrancorezende/./commons-logging/src/test/java/org/apache/commons/logging/impl/WeakHashtableTestCase.java,org.apache.commons.logging.impl.WeakHashtableTestCase,setUp/0,valueTwo,2
/Users/victorfrancorezende/./commons-logging/src/test/java/org/apache/commons/logging/impl/WeakHashtableTestCase.java,org.apache.commons.logging.impl.WeakHashtableTestCase,testEntrySet/0,keyThree,1
/Users/victorfrancorezende/./commons-logging/src/test/java/org/apache/commons/logging/impl/WeakHashtableTestCase.java,org.apache.commons.logging.impl.WeakHashtableTestCase,testEntrySet/0,keyTwo,1
/Users/victorfrancorezende/./commons-logging/src/test/java/org/apache/commons/logging/impl/WeakHashtableTestCase.java,org.apache.commons.logging.impl.WeakHashtableTestCase,testEntrySet/0,weakHashtable,1
/Users/victorfrancorezende/./commons-logging/src/test/java/org/apache/commons/logging/impl/WeakHashtableTestCase.java,org.apache.commons.logging.impl.WeakHashtableTestCase,testEntrySet/0,valueOne,1
/Users/victorfrancorezende/./commons-logging/src/test/java/org/apache/commons/logging/impl/WeakHashtableTestCase.java,org.apache.commons.logging.impl.WeakHashtableTestCase,testEntrySet/0,valueThree,1
/Users/victorfrancorezende/./commons-logging/src/test/java/org/apache/commons/logging/impl/WeakHashtableTestCase.java,org.apache.commons.logging.impl.WeakHashtableTestCase,testEntrySet/0,keyOne,1
/Users/victorfrancorezende/./commons-logging/src/test/java/org/apache/commons/logging/impl/WeakHashtableTestCase.java,org.apache.commons.logging.impl.WeakHashtableTestCase,testEntrySet/0,valueTwo,1
/Users/victorfrancorezende/./commons-logging/src/test/java/org/apache/commons/logging/impl/WeakHashtableTestCase.java,org.apache.commons.logging.impl.WeakHashtableTestCase,testContains/0,weakHashtable,7
/Users/victorfrancorezende/./commons-logging/src/test/java/org/apache/commons/logging/impl/WeakHashtableTestCase.java,org.apache.commons.logging.impl.WeakHashtableTestCase,xxxIgnoretestRelease/0,keyThree,1
/Users/victorfrancorezende/./commons-logging/src/test/java/org/apache/commons/logging/impl/WeakHashtableTestCase.java,org.apache.commons.logging.impl.WeakHashtableTestCase,xxxIgnoretestRelease/0,keyTwo,1
/Users/victorfrancorezende/./commons-logging/src/test/java/org/apache/commons/logging/impl/WeakHashtableTestCase.java,org.apache.commons.logging.impl.WeakHashtableTestCase,xxxIgnoretestRelease/0,weakHashtable,3
/Users/victorfrancorezende/./commons-logging/src/test/java/org/apache/commons/logging/impl/WeakHashtableTestCase.java,org.apache.commons.logging.impl.WeakHashtableTestCase,xxxIgnoretestRelease/0,valueOne,1
/Users/victorfrancorezende/./commons-logging/src/test/java/org/apache/commons/logging/impl/WeakHashtableTestCase.java,org.apache.commons.logging.impl.WeakHashtableTestCase,xxxIgnoretestRelease/0,valueThree,1
/Users/victorfrancorezende/./commons-logging/src/test/java/org/apache/commons/logging/impl/WeakHashtableTestCase.java,org.apache.commons.logging.impl.WeakHashtableTestCase,xxxIgnoretestRelease/0,keyOne,2
/Users/victorfrancorezende/./commons-logging/src/test/java/org/apache/commons/logging/impl/WeakHashtableTestCase.java,org.apache.commons.logging.impl.WeakHashtableTestCase,xxxIgnoretestRelease/0,valueTwo,1
/Users/victorfrancorezende/./commons-logging/src/test/java/org/apache/commons/logging/impl/WeakHashtableTestCase.java,org.apache.commons.logging.impl.WeakHashtableTestCase,xxxIgnoretestRelease/0,MAX_GC_ITERATIONS,1
/Users/victorfrancorezende/./commons-logging/src/test/java/org/apache/commons/logging/impl/WeakHashtableTestCase.java,org.apache.commons.logging.impl.WeakHashtableTestCase,testValues/0,weakHashtable,1
/Users/victorfrancorezende/./commons-logging/src/test/java/org/apache/commons/logging/impl/WeakHashtableTestCase.java,org.apache.commons.logging.impl.WeakHashtableTestCase,testValues/0,valueOne,1
/Users/victorfrancorezende/./commons-logging/src/test/java/org/apache/commons/logging/impl/WeakHashtableTestCase.java,org.apache.commons.logging.impl.WeakHashtableTestCase,testValues/0,valueThree,1
/Users/victorfrancorezende/./commons-logging/src/test/java/org/apache/commons/logging/impl/WeakHashtableTestCase.java,org.apache.commons.logging.impl.WeakHashtableTestCase,testValues/0,valueTwo,1
/Users/victorfrancorezende/./commons-logging/src/test/java/org/apache/commons/logging/impl/WeakHashtableTestCase.java,org.apache.commons.logging.impl.WeakHashtableTestCase,testPutAll/0,weakHashtable,4
/Users/victorfrancorezende/./commons-logging/src/test/java/org/apache/commons/logging/impl/WeakHashtableTestCase.java,org.apache.commons.logging.impl.WeakHashtableTestCase,testKeySet/0,keyThree,1
/Users/victorfrancorezende/./commons-logging/src/test/java/org/apache/commons/logging/impl/WeakHashtableTestCase.java,org.apache.commons.logging.impl.WeakHashtableTestCase,testKeySet/0,keyTwo,1
/Users/victorfrancorezende/./commons-logging/src/test/java/org/apache/commons/logging/impl/WeakHashtableTestCase.java,org.apache.commons.logging.impl.WeakHashtableTestCase,testKeySet/0,weakHashtable,1
/Users/victorfrancorezende/./commons-logging/src/test/java/org/apache/commons/logging/impl/WeakHashtableTestCase.java,org.apache.commons.logging.impl.WeakHashtableTestCase,testKeySet/0,keyOne,1
/Users/victorfrancorezende/./commons-logging/src/test/java/org/apache/commons/logging/impl/WeakHashtableTestCase.java,org.apache.commons.logging.impl.WeakHashtableTestCase,testLOGGING_119/0,THREAD_COUNT,1
/Users/victorfrancorezende/./commons-logging/src/test/java/org/apache/commons/logging/impl/WeakHashtableTestCase.java,org.apache.commons.logging.impl.WeakHashtableTestCase,testLOGGING_119/0,hashtable,1
/Users/victorfrancorezende/./commons-logging/src/test/java/org/apache/commons/logging/impl/WeakHashtableTestCase.java,org.apache.commons.logging.impl.WeakHashtableTestCase,testLOGGING_119/0,OUTER_LOOP,1
/Users/victorfrancorezende/./commons-logging/src/test/java/org/apache/commons/logging/impl/WeakHashtableTestCase.java,org.apache.commons.logging.impl.WeakHashtableTestCase,testLOGGING_119/0,WAIT_FOR_THREAD_COMPLETION,1
/Users/victorfrancorezende/./commons-logging/src/test/java/org/apache/commons/logging/impl/WeakHashtableTestCase.java,org.apache.commons.logging.impl.WeakHashtableTestCase,testContainsKey/0,weakHashtable,7
/Users/victorfrancorezende/./commons-logging/src/test/java/org/apache/commons/logging/LogFactoryWeakReferenceTestCase.java,org.apache.commons.logging.LogFactoryWeakReferenceTestCase,testNotLeakingThisClassLoader/0,MAX_WAIT_FOR_REF_NULLED_BY_GC,2
/Users/victorfrancorezende/./commons-logging/src/main/java/org/apache/commons/logging/LogFactory.java,org.apache.commons.logging.LogFactory,"cacheFactory/2[java.lang.ClassLoader,org.apache.commons.logging.LogFactory]",nullClassLoaderFactory,1
/Users/victorfrancorezende/./commons-logging/src/main/java/org/apache/commons/logging/LogFactory.java,org.apache.commons.logging.LogFactory,"cacheFactory/2[java.lang.ClassLoader,org.apache.commons.logging.LogFactory]",factories,1
/Users/victorfrancorezende/./commons-logging/src/main/java/org/apache/commons/logging/LogFactory.java,org.apache.commons.logging.LogFactory,logRawDiagnostic/1[java.lang.String],DIAGNOSTICS_STREAM,3
/Users/victorfrancorezende/./commons-logging/src/main/java/org/apache/commons/logging/LogFactory.java,org.apache.commons.logging.LogFactory,getFactory/0,thisClassLoaderRef,2
/Users/victorfrancorezende/./commons-logging/src/main/java/org/apache/commons/logging/LogFactory.java,org.apache.commons.logging.LogFactory,getFactory/0,SERVICE_ID,4
/Users/victorfrancorezende/./commons-logging/src/main/java/org/apache/commons/logging/LogFactory.java,org.apache.commons.logging.LogFactory,getFactory/0,FACTORY_PROPERTIES,1
/Users/victorfrancorezende/./commons-logging/src/main/java/org/apache/commons/logging/LogFactory.java,org.apache.commons.logging.LogFactory,getFactory/0,FACTORY_DEFAULT,2
/Users/victorfrancorezende/./commons-logging/src/main/java/org/apache/commons/logging/LogFactory.java,org.apache.commons.logging.LogFactory,getFactory/0,TCCL_KEY,1
/Users/victorfrancorezende/./commons-logging/src/main/java/org/apache/commons/logging/LogFactory.java,org.apache.commons.logging.LogFactory,getFactory/0,FACTORY_PROPERTY,6
/Users/victorfrancorezende/./commons-logging/src/main/java/org/apache/commons/logging/LogFactory.java,org.apache.commons.logging.LogFactory,getCachedFactory/1[java.lang.ClassLoader],nullClassLoaderFactory,1
/Users/victorfrancorezende/./commons-logging/src/main/java/org/apache/commons/logging/LogFactory.java,org.apache.commons.logging.LogFactory,getCachedFactory/1[java.lang.ClassLoader],factories,1
/Users/victorfrancorezende/./commons-logging/src/main/java/org/apache/commons/logging/LogFactory.java,org.apache.commons.logging.LogFactory,"createFactory/2[java.lang.String,java.lang.ClassLoader]",thisClassLoaderRef,3
/Users/victorfrancorezende/./commons-logging/src/main/java/org/apache/commons/logging/LogFactory.java,org.apache.commons.logging.LogFactory,createFactoryStore/0,HASHTABLE_IMPLEMENTATION_PROPERTY,1
/Users/victorfrancorezende/./commons-logging/src/main/java/org/apache/commons/logging/LogFactory.java,org.apache.commons.logging.LogFactory,createFactoryStore/0,WEAK_HASHTABLE_CLASSNAME,2
/Users/victorfrancorezende/./commons-logging/src/main/java/org/apache/commons/logging/LogFactory.java,org.apache.commons.logging.LogFactory,release/1[java.lang.ClassLoader],nullClassLoaderFactory,3
/Users/victorfrancorezende/./commons-logging/src/main/java/org/apache/commons/logging/LogFactory.java,org.apache.commons.logging.LogFactory,isDiagnosticsEnabled/0,DIAGNOSTICS_STREAM,1
/Users/victorfrancorezende/./commons-logging/src/main/java/org/apache/commons/logging/LogFactory.java,org.apache.commons.logging.LogFactory,initDiagnostics/0,DIAGNOSTICS_DEST_PROPERTY,2
/Users/victorfrancorezende/./commons-logging/src/main/java/org/apache/commons/logging/LogFactory.java,org.apache.commons.logging.LogFactory,releaseAll/0,nullClassLoaderFactory,3
/Users/victorfrancorezende/./commons-logging/src/main/java/org/apache/commons/logging/LogFactory.java,org.apache.commons.logging.LogFactory,logDiagnostic/1[java.lang.String],DIAGNOSTICS_STREAM,4
/Users/victorfrancorezende/./commons-logging/src/main/java/org/apache/commons/logging/LogFactory.java,org.apache.commons.logging.LogFactory,logDiagnostic/1[java.lang.String],diagnosticPrefix,1
/Users/victorfrancorezende/./commons-logging/src/main/java/org/apache/commons/logging/LogFactory.java,org.apache.commons.logging.LogFactory,"getConfigurationFile/2[java.lang.ClassLoader,java.lang.String]",PRIORITY_KEY,2
/Users/victorfrancorezende/./commons-logging/src/main/java/org/apache/commons/logging/impl/Jdk14Logger.java,org.apache.commons.logging.impl.Jdk14Logger,Jdk14Logger/1[java.lang.String],logger,1
/Users/victorfrancorezende/./commons-logging/src/main/java/org/apache/commons/logging/impl/Jdk14Logger.java,org.apache.commons.logging.impl.Jdk14Logger,Jdk14Logger/1[java.lang.String],name,4
/Users/victorfrancorezende/./commons-logging/src/main/java/org/apache/commons/logging/impl/Jdk14Logger.java,org.apache.commons.logging.impl.Jdk14Logger,"log/3[java.util.logging.Level,java.lang.String,java.lang.Throwable]",name,1
/Users/victorfrancorezende/./commons-logging/src/main/java/org/apache/commons/logging/impl/Jdk14Logger.java,org.apache.commons.logging.impl.Jdk14Logger,getLogger/0,logger,3
/Users/victorfrancorezende/./commons-logging/src/main/java/org/apache/commons/logging/impl/Jdk14Logger.java,org.apache.commons.logging.impl.Jdk14Logger,getLogger/0,name,1
/Users/victorfrancorezende/./commons-logging/src/test/java/org/apache/commons/logging/log4j/log4j12/TestAppender.java,org.apache.commons.logging.log4j.log4j12.TestAppender,TestAppender/1[java.util.List],events,1
/Users/victorfrancorezende/./commons-logging/src/test/java/org/apache/commons/logging/log4j/log4j12/TestAppender.java,org.apache.commons.logging.log4j.log4j12.TestAppender,append/1[org.apache.commons.logging.log4j.log4j12.LoggingEvent],events,1
/Users/victorfrancorezende/./commons-logging/src/test/java/org/apache/commons/logging/security/SecurityAllowedTestCase.java,org.apache.commons.logging.security.SecurityAllowedTestCase,tearDown/0,oldSecMgr,1
/Users/victorfrancorezende/./commons-logging/src/test/java/org/apache/commons/logging/security/SecurityAllowedTestCase.java,org.apache.commons.logging.security.SecurityAllowedTestCase,setUp/0,oldSecMgr,1
/Users/victorfrancorezende/./commons-logging/src/test/java/org/apache/commons/logging/security/SecurityAllowedTestCase.java,org.apache.commons.logging.security.SecurityAllowedTestCase,testAllAllowed/0,oldSecMgr,1
/Users/victorfrancorezende/./commons-logging/src/test/java/org/apache/commons/logging/logkit/StandardTestCase.java,org.apache.commons.logging.logkit.StandardTestCase,setUp/0,factory,1
/Users/victorfrancorezende/./commons-logging/src/test/java/org/apache/commons/logging/logkit/StandardTestCase.java,org.apache.commons.logging.logkit.StandardTestCase,setUp/0,log,1
/Users/victorfrancorezende/./commons-logging/src/test/java/org/apache/commons/logging/logkit/StandardTestCase.java,org.apache.commons.logging.logkit.StandardTestCase,tearDown/0,factory,1
/Users/victorfrancorezende/./commons-logging/src/test/java/org/apache/commons/logging/logkit/StandardTestCase.java,org.apache.commons.logging.logkit.StandardTestCase,tearDown/0,log,1
/Users/victorfrancorezende/./commons-logging/src/test/java/org/apache/commons/logging/logkit/StandardTestCase.java,org.apache.commons.logging.logkit.StandardTestCase,testPristineFactory/0,factory,3
/Users/victorfrancorezende/./commons-logging/src/test/java/org/apache/commons/logging/logkit/StandardTestCase.java,org.apache.commons.logging.logkit.StandardTestCase,checkStandard/0,log,8
/Users/victorfrancorezende/./commons-logging/src/test/java/org/apache/commons/logging/logkit/StandardTestCase.java,org.apache.commons.logging.logkit.StandardTestCase,testSerializable/0,log,2
/Users/victorfrancorezende/./commons-logging/src/test/java/org/apache/commons/logging/jdk14/DefaultConfigTestCase.java,org.apache.commons.logging.jdk14.DefaultConfigTestCase,testSerializable/0,log,2
/Users/victorfrancorezende/./commons-logging/src/test/java/org/apache/commons/logging/jdk14/DefaultConfigTestCase.java,org.apache.commons.logging.jdk14.DefaultConfigTestCase,setUpFactory/0,factory,1
/Users/victorfrancorezende/./commons-logging/src/test/java/org/apache/commons/logging/jdk14/DefaultConfigTestCase.java,org.apache.commons.logging.jdk14.DefaultConfigTestCase,setUpLog/1[java.lang.String],log,1
/Users/victorfrancorezende/./commons-logging/src/test/java/org/apache/commons/logging/jdk14/DefaultConfigTestCase.java,org.apache.commons.logging.jdk14.DefaultConfigTestCase,checkLog/0,log,8
/Users/victorfrancorezende/./commons-logging/src/test/java/org/apache/commons/logging/jdk14/DefaultConfigTestCase.java,org.apache.commons.logging.jdk14.DefaultConfigTestCase,testPristineFactory/0,factory,3
/Users/victorfrancorezende/./commons-logging/src/test/java/org/apache/commons/logging/jdk14/DefaultConfigTestCase.java,org.apache.commons.logging.jdk14.DefaultConfigTestCase,tearDown/0,factory,1
/Users/victorfrancorezende/./commons-logging/src/test/java/org/apache/commons/logging/jdk14/DefaultConfigTestCase.java,org.apache.commons.logging.jdk14.DefaultConfigTestCase,tearDown/0,log,1
/Users/victorfrancorezende/./commons-logging/src/test/java/org/apache/commons/logging/tccl/log/TcclDisabledTestCase.java,org.apache.commons.logging.tccl.log.TcclDisabledTestCase,suite/0,MY_LOG_PKG,1
/Users/victorfrancorezende/./commons-logging/src/test/java/org/apache/commons/logging/tccl/log/TcclDisabledTestCase.java,org.apache.commons.logging.tccl.log.TcclDisabledTestCase,testTcclLoading/0,MY_LOG_IMPL,1
/Users/victorfrancorezende/./commons-logging/src/test/java/org/apache/commons/logging/tccl/log/TcclDisabledTestCase.java,org.apache.commons.logging.tccl.log.TcclDisabledTestCase,testLoader/0,MY_LOG_IMPL,2
/Users/victorfrancorezende/./commons-logging/src/test/java/org/apache/commons/logging/GarbageCollectionHelper.java,org.apache.commons.logging.GarbageCollectionHelper,run/0,running,1
/Users/victorfrancorezende/./commons-logging/src/test/java/org/apache/commons/logging/GarbageCollectionHelper.java,org.apache.commons.logging.GarbageCollectionHelper,run/0,gcThread,1
/Users/victorfrancorezende/./commons-logging/src/test/java/org/apache/commons/logging/GarbageCollectionHelper.java,org.apache.commons.logging.GarbageCollectionHelper,close/0,running,1
/Users/victorfrancorezende/./commons-logging/src/test/java/org/apache/commons/logging/GarbageCollectionHelper.java,org.apache.commons.logging.GarbageCollectionHelper,close/0,latch,1
/Users/victorfrancorezende/./commons-logging/src/test/java/org/apache/commons/logging/simple/DefaultConfigTestCase.java,org.apache.commons.logging.simple.DefaultConfigTestCase,testPristineFactory/0,factory,3
/Users/victorfrancorezende/./commons-logging/src/test/java/org/apache/commons/logging/simple/DefaultConfigTestCase.java,org.apache.commons.logging.simple.DefaultConfigTestCase,testSerializable/0,log,2
/Users/victorfrancorezende/./commons-logging/src/test/java/org/apache/commons/logging/simple/DefaultConfigTestCase.java,org.apache.commons.logging.simple.DefaultConfigTestCase,setUpFactory/0,factory,1
/Users/victorfrancorezende/./commons-logging/src/test/java/org/apache/commons/logging/simple/DefaultConfigTestCase.java,org.apache.commons.logging.simple.DefaultConfigTestCase,checkStandard/0,log,9
/Users/victorfrancorezende/./commons-logging/src/test/java/org/apache/commons/logging/simple/DefaultConfigTestCase.java,org.apache.commons.logging.simple.DefaultConfigTestCase,checkDecorated/0,log,13
/Users/victorfrancorezende/./commons-logging/src/test/java/org/apache/commons/logging/simple/DefaultConfigTestCase.java,org.apache.commons.logging.simple.DefaultConfigTestCase,setUpDecorated/1[java.lang.String],log,1
/Users/victorfrancorezende/./commons-logging/src/test/java/org/apache/commons/logging/simple/DefaultConfigTestCase.java,org.apache.commons.logging.simple.DefaultConfigTestCase,tearDown/0,factory,1
/Users/victorfrancorezende/./commons-logging/src/test/java/org/apache/commons/logging/simple/DefaultConfigTestCase.java,org.apache.commons.logging.simple.DefaultConfigTestCase,tearDown/0,log,1
/Users/victorfrancorezende/./commons-logging/src/test/java/org/apache/commons/logging/simple/DefaultConfigTestCase.java,org.apache.commons.logging.simple.DefaultConfigTestCase,setUpLog/1[java.lang.String],log,1
/Users/victorfrancorezende/./commons-logging/src/test/java/org/apache/commons/logging/LoadTestCase.java,org.apache.commons.logging.LoadTestCase$AppClassLoader,def/1[java.lang.String],classes,2
/Users/victorfrancorezende/./commons-logging/src/test/java/org/apache/commons/logging/PathableTestSuite.java,org.apache.commons.logging.PathableTestSuite,"runTest/2[org.apache.commons.logging.Test,org.apache.commons.logging.TestResult]",contextLoader,1
/Users/victorfrancorezende/./commons-logging/src/test/java/org/apache/commons/logging/PathableTestSuite.java,org.apache.commons.logging.PathableTestSuite,"PathableTestSuite/2[java.lang.Class,java.lang.ClassLoader]",contextLoader,1
/Users/victorfrancorezende/./commons-logging/src/main/java/org/apache/commons/logging/impl/Log4JLogger.java,org.apache.commons.logging.impl.Log4JLogger,fatal/1[java.lang.Object],FQCN,1
/Users/victorfrancorezende/./commons-logging/src/main/java/org/apache/commons/logging/impl/Log4JLogger.java,org.apache.commons.logging.impl.Log4JLogger,"debug/2[java.lang.Object,java.lang.Throwable]",FQCN,1
/Users/victorfrancorezende/./commons-logging/src/main/java/org/apache/commons/logging/impl/Log4JLogger.java,org.apache.commons.logging.impl.Log4JLogger,debug/1[java.lang.Object],FQCN,1
/Users/victorfrancorezende/./commons-logging/src/main/java/org/apache/commons/logging/impl/Log4JLogger.java,org.apache.commons.logging.impl.Log4JLogger,"info/2[java.lang.Object,java.lang.Throwable]",FQCN,1
/Users/victorfrancorezende/./commons-logging/src/main/java/org/apache/commons/logging/impl/Log4JLogger.java,org.apache.commons.logging.impl.Log4JLogger,"fatal/2[java.lang.Object,java.lang.Throwable]",FQCN,1
/Users/victorfrancorezende/./commons-logging/src/main/java/org/apache/commons/logging/impl/Log4JLogger.java,org.apache.commons.logging.impl.Log4JLogger,"error/2[java.lang.Object,java.lang.Throwable]",FQCN,1
/Users/victorfrancorezende/./commons-logging/src/main/java/org/apache/commons/logging/impl/Log4JLogger.java,org.apache.commons.logging.impl.Log4JLogger,Log4JLogger/1[org.apache.commons.logging.impl.Logger],logger,5
/Users/victorfrancorezende/./commons-logging/src/main/java/org/apache/commons/logging/impl/Log4JLogger.java,org.apache.commons.logging.impl.Log4JLogger,Log4JLogger/1[org.apache.commons.logging.impl.Logger],name,1
/Users/victorfrancorezende/./commons-logging/src/main/java/org/apache/commons/logging/impl/Log4JLogger.java,org.apache.commons.logging.impl.Log4JLogger,isTraceEnabled/0,traceLevel,1
/Users/victorfrancorezende/./commons-logging/src/main/java/org/apache/commons/logging/impl/Log4JLogger.java,org.apache.commons.logging.impl.Log4JLogger,"trace/2[java.lang.Object,java.lang.Throwable]",FQCN,1
/Users/victorfrancorezende/./commons-logging/src/main/java/org/apache/commons/logging/impl/Log4JLogger.java,org.apache.commons.logging.impl.Log4JLogger,"trace/2[java.lang.Object,java.lang.Throwable]",traceLevel,1
/Users/victorfrancorezende/./commons-logging/src/main/java/org/apache/commons/logging/impl/Log4JLogger.java,org.apache.commons.logging.impl.Log4JLogger,"warn/2[java.lang.Object,java.lang.Throwable]",FQCN,1
/Users/victorfrancorezende/./commons-logging/src/main/java/org/apache/commons/logging/impl/Log4JLogger.java,org.apache.commons.logging.impl.Log4JLogger,getLogger/0,logger,3
/Users/victorfrancorezende/./commons-logging/src/main/java/org/apache/commons/logging/impl/Log4JLogger.java,org.apache.commons.logging.impl.Log4JLogger,getLogger/0,name,1
/Users/victorfrancorezende/./commons-logging/src/main/java/org/apache/commons/logging/impl/Log4JLogger.java,org.apache.commons.logging.impl.Log4JLogger,error/1[java.lang.Object],FQCN,1
/Users/victorfrancorezende/./commons-logging/src/main/java/org/apache/commons/logging/impl/Log4JLogger.java,org.apache.commons.logging.impl.Log4JLogger,Log4JLogger/0,name,1
/Users/victorfrancorezende/./commons-logging/src/main/java/org/apache/commons/logging/impl/Log4JLogger.java,org.apache.commons.logging.impl.Log4JLogger,info/1[java.lang.Object],FQCN,1
/Users/victorfrancorezende/./commons-logging/src/main/java/org/apache/commons/logging/impl/Log4JLogger.java,org.apache.commons.logging.impl.Log4JLogger,warn/1[java.lang.Object],FQCN,1
/Users/victorfrancorezende/./commons-logging/src/main/java/org/apache/commons/logging/impl/Log4JLogger.java,org.apache.commons.logging.impl.Log4JLogger,Log4JLogger/1[java.lang.String],logger,1
/Users/victorfrancorezende/./commons-logging/src/main/java/org/apache/commons/logging/impl/Log4JLogger.java,org.apache.commons.logging.impl.Log4JLogger,Log4JLogger/1[java.lang.String],name,3
/Users/victorfrancorezende/./commons-logging/src/main/java/org/apache/commons/logging/impl/Log4JLogger.java,org.apache.commons.logging.impl.Log4JLogger,trace/1[java.lang.Object],FQCN,1
/Users/victorfrancorezende/./commons-logging/src/main/java/org/apache/commons/logging/impl/Log4JLogger.java,org.apache.commons.logging.impl.Log4JLogger,trace/1[java.lang.Object],traceLevel,1
/Users/victorfrancorezende/./commons-logging/src/test/java/org/apache/commons/logging/tccl/logfactory/TcclDisabledTestCase.java,org.apache.commons.logging.tccl.logfactory.TcclDisabledTestCase,suite/0,MY_LOG_FACTORY_PKG,1
/Users/victorfrancorezende/./commons-logging/src/test/java/org/apache/commons/logging/tccl/logfactory/TcclDisabledTestCase.java,org.apache.commons.logging.tccl.logfactory.TcclDisabledTestCase,testTcclLoading/0,MY_LOG_FACTORY_IMPL,1
/Users/victorfrancorezende/./commons-logging/src/test/java/org/apache/commons/logging/tccl/logfactory/TcclDisabledTestCase.java,org.apache.commons.logging.tccl.logfactory.TcclDisabledTestCase,testLoader/0,MY_LOG_FACTORY_IMPL,2
/Users/victorfrancorezende/./commons-logging/src/main/java/org/apache/commons/logging/impl/LogFactoryImpl.java,org.apache.commons.logging.impl.LogFactoryImpl,getAttributeNames/0,attributes,1
/Users/victorfrancorezende/./commons-logging/src/main/java/org/apache/commons/logging/impl/LogFactoryImpl.java,org.apache.commons.logging.impl.LogFactoryImpl,getAttributeNames/0,EMPTY_STRING_ARRAY,1
/Users/victorfrancorezende/./commons-logging/src/main/java/org/apache/commons/logging/impl/LogFactoryImpl.java,org.apache.commons.logging.impl.LogFactoryImpl,release/0,instances,1
/Users/victorfrancorezende/./commons-logging/src/main/java/org/apache/commons/logging/impl/LogFactoryImpl.java,org.apache.commons.logging.impl.LogFactoryImpl,getBaseClassLoader/0,allowFlawedContext,2
/Users/victorfrancorezende/./commons-logging/src/main/java/org/apache/commons/logging/impl/LogFactoryImpl.java,org.apache.commons.logging.impl.LogFactoryImpl,getBaseClassLoader/0,useTCCL,1
/Users/victorfrancorezende/./commons-logging/src/main/java/org/apache/commons/logging/impl/LogFactoryImpl.java,org.apache.commons.logging.impl.LogFactoryImpl,getInstance/1[java.lang.String],instances,2
/Users/victorfrancorezende/./commons-logging/src/main/java/org/apache/commons/logging/impl/LogFactoryImpl.java,org.apache.commons.logging.impl.LogFactoryImpl,isLog4JAvailable/0,LOGGING_IMPL_LOG4J_LOGGER,1
/Users/victorfrancorezende/./commons-logging/src/main/java/org/apache/commons/logging/impl/LogFactoryImpl.java,org.apache.commons.logging.impl.LogFactoryImpl,getLogConstructor/0,logConstructor,2
/Users/victorfrancorezende/./commons-logging/src/main/java/org/apache/commons/logging/impl/LogFactoryImpl.java,org.apache.commons.logging.impl.LogFactoryImpl,removeAttribute/1[java.lang.String],attributes,1
/Users/victorfrancorezende/./commons-logging/src/main/java/org/apache/commons/logging/impl/LogFactoryImpl.java,org.apache.commons.logging.impl.LogFactoryImpl,getLogClassName/0,logClassName,2
/Users/victorfrancorezende/./commons-logging/src/main/java/org/apache/commons/logging/impl/LogFactoryImpl.java,org.apache.commons.logging.impl.LogFactoryImpl,getAttribute/1[java.lang.String],attributes,1
/Users/victorfrancorezende/./commons-logging/src/main/java/org/apache/commons/logging/impl/LogFactoryImpl.java,org.apache.commons.logging.impl.LogFactoryImpl,"createLogFromClass/3[java.lang.String,java.lang.String,boolean]",logConstructor,1
/Users/victorfrancorezende/./commons-logging/src/main/java/org/apache/commons/logging/impl/LogFactoryImpl.java,org.apache.commons.logging.impl.LogFactoryImpl,"createLogFromClass/3[java.lang.String,java.lang.String,boolean]",logMethodSignature,1
/Users/victorfrancorezende/./commons-logging/src/main/java/org/apache/commons/logging/impl/LogFactoryImpl.java,org.apache.commons.logging.impl.LogFactoryImpl,"createLogFromClass/3[java.lang.String,java.lang.String,boolean]",logMethod,2
/Users/victorfrancorezende/./commons-logging/src/main/java/org/apache/commons/logging/impl/LogFactoryImpl.java,org.apache.commons.logging.impl.LogFactoryImpl,"createLogFromClass/3[java.lang.String,java.lang.String,boolean]",logClassName,1
/Users/victorfrancorezende/./commons-logging/src/main/java/org/apache/commons/logging/impl/LogFactoryImpl.java,org.apache.commons.logging.impl.LogFactoryImpl,"createLogFromClass/3[java.lang.String,java.lang.String,boolean]",logConstructorSignature,1
/Users/victorfrancorezende/./commons-logging/src/main/java/org/apache/commons/logging/impl/LogFactoryImpl.java,org.apache.commons.logging.impl.LogFactoryImpl,"handleFlawedDiscovery/3[java.lang.String,java.lang.ClassLoader,java.lang.Throwable]",allowFlawedDiscovery,1
/Users/victorfrancorezende/./commons-logging/src/main/java/org/apache/commons/logging/impl/LogFactoryImpl.java,org.apache.commons.logging.impl.LogFactoryImpl,findUserSpecifiedLogClassName/0,LOG_PROPERTY,6
/Users/victorfrancorezende/./commons-logging/src/main/java/org/apache/commons/logging/impl/LogFactoryImpl.java,org.apache.commons.logging.impl.LogFactoryImpl,findUserSpecifiedLogClassName/0,LOG_PROPERTY_OLD,6
/Users/victorfrancorezende/./commons-logging/src/main/java/org/apache/commons/logging/impl/LogFactoryImpl.java,org.apache.commons.logging.impl.LogFactoryImpl,logDiagnostic/1[java.lang.String],diagnosticPrefix,1
/Users/victorfrancorezende/./commons-logging/src/main/java/org/apache/commons/logging/impl/LogFactoryImpl.java,org.apache.commons.logging.impl.LogFactoryImpl,"handleFlawedHierarchy/2[java.lang.ClassLoader,java.lang.Class]",allowFlawedHierarchy,1
/Users/victorfrancorezende/./commons-logging/src/main/java/org/apache/commons/logging/impl/LogFactoryImpl.java,org.apache.commons.logging.impl.LogFactoryImpl,"handleFlawedHierarchy/2[java.lang.ClassLoader,java.lang.Class]",allowFlawedDiscovery,1
/Users/victorfrancorezende/./commons-logging/src/main/java/org/apache/commons/logging/impl/LogFactoryImpl.java,org.apache.commons.logging.impl.LogFactoryImpl,"setAttribute/2[java.lang.String,java.lang.Object]",logConstructor,1
/Users/victorfrancorezende/./commons-logging/src/main/java/org/apache/commons/logging/impl/LogFactoryImpl.java,org.apache.commons.logging.impl.LogFactoryImpl,"setAttribute/2[java.lang.String,java.lang.Object]",useTCCL,1
/Users/victorfrancorezende/./commons-logging/src/main/java/org/apache/commons/logging/impl/LogFactoryImpl.java,org.apache.commons.logging.impl.LogFactoryImpl,"setAttribute/2[java.lang.String,java.lang.Object]",attributes,2
/Users/victorfrancorezende/./commons-logging/src/main/java/org/apache/commons/logging/impl/LogFactoryImpl.java,org.apache.commons.logging.impl.LogFactoryImpl,initDiagnostics/0,diagnosticPrefix,1
/Users/victorfrancorezende/./commons-logging/src/main/java/org/apache/commons/logging/impl/LogFactoryImpl.java,org.apache.commons.logging.impl.LogFactoryImpl,"informUponSimilarName/3[java.lang.StringBuilder,java.lang.String,java.lang.String]",PKG_LEN,1
/Users/victorfrancorezende/./commons-logging/src/main/java/org/apache/commons/logging/impl/LogFactoryImpl.java,org.apache.commons.logging.impl.LogFactoryImpl,newInstance/1[java.lang.String],logConstructor,2
/Users/victorfrancorezende/./commons-logging/src/main/java/org/apache/commons/logging/impl/LogFactoryImpl.java,org.apache.commons.logging.impl.LogFactoryImpl,newInstance/1[java.lang.String],logMethod,2
/Users/victorfrancorezende/./commons-logging/src/main/java/org/apache/commons/logging/impl/LogFactoryImpl.java,org.apache.commons.logging.impl.LogFactoryImpl,initConfiguration/0,allowFlawedContext,1
/Users/victorfrancorezende/./commons-logging/src/main/java/org/apache/commons/logging/impl/LogFactoryImpl.java,org.apache.commons.logging.impl.LogFactoryImpl,initConfiguration/0,ALLOW_FLAWED_DISCOVERY_PROPERTY,1
/Users/victorfrancorezende/./commons-logging/src/main/java/org/apache/commons/logging/impl/LogFactoryImpl.java,org.apache.commons.logging.impl.LogFactoryImpl,initConfiguration/0,ALLOW_FLAWED_HIERARCHY_PROPERTY,1
/Users/victorfrancorezende/./commons-logging/src/main/java/org/apache/commons/logging/impl/LogFactoryImpl.java,org.apache.commons.logging.impl.LogFactoryImpl,initConfiguration/0,ALLOW_FLAWED_CONTEXT_PROPERTY,1
/Users/victorfrancorezende/./commons-logging/src/main/java/org/apache/commons/logging/impl/LogFactoryImpl.java,org.apache.commons.logging.impl.LogFactoryImpl,initConfiguration/0,allowFlawedHierarchy,1
/Users/victorfrancorezende/./commons-logging/src/main/java/org/apache/commons/logging/impl/LogFactoryImpl.java,org.apache.commons.logging.impl.LogFactoryImpl,initConfiguration/0,allowFlawedDiscovery,1
/Users/victorfrancorezende/./commons-logging/src/main/java/org/apache/commons/logging/impl/LogFactoryImpl.java,org.apache.commons.logging.impl.LogFactoryImpl,discoverLogImplementation/1[java.lang.String],LOGGING_IMPL_LUMBERJACK_LOGGER,1
/Users/victorfrancorezende/./commons-logging/src/main/java/org/apache/commons/logging/impl/LogFactoryImpl.java,org.apache.commons.logging.impl.LogFactoryImpl,discoverLogImplementation/1[java.lang.String],LOGGING_IMPL_SIMPLE_LOGGER,1
/Users/victorfrancorezende/./commons-logging/src/main/java/org/apache/commons/logging/impl/LogFactoryImpl.java,org.apache.commons.logging.impl.LogFactoryImpl,discoverLogImplementation/1[java.lang.String],LOGGING_IMPL_JDK14_LOGGER,1
/Users/victorfrancorezende/./commons-logging/src/main/java/org/apache/commons/logging/impl/LogFactoryImpl.java,org.apache.commons.logging.impl.LogFactoryImpl,discoverLogImplementation/1[java.lang.String],LOGGING_IMPL_LOG4J_LOGGER,1
/Users/victorfrancorezende/./commons-logging/src/main/java/org/apache/commons/logging/impl/LogFactoryImpl.java,org.apache.commons.logging.impl.LogFactoryImpl,discoverLogImplementation/1[java.lang.String],classesToDiscover,1
/Users/victorfrancorezende/./commons-logging/src/test/java/org/apache/commons/logging/tccl/log/TcclEnabledTestCase.java,org.apache.commons.logging.tccl.log.TcclEnabledTestCase,suite/0,MY_LOG_PKG,1
/Users/victorfrancorezende/./commons-logging/src/test/java/org/apache/commons/logging/tccl/log/TcclEnabledTestCase.java,org.apache.commons.logging.tccl.log.TcclEnabledTestCase,testLoader/0,MY_LOG_IMPL,2
/Users/victorfrancorezende/./commons-logging/src/test/java/org/apache/commons/logging/tccl/log/TcclEnabledTestCase.java,org.apache.commons.logging.tccl.log.TcclEnabledTestCase,testTcclLoading/0,MY_LOG_IMPL,1
/Users/victorfrancorezende/./commons-logging/src/test/java/org/apache/commons/logging/jdk14/TestHandler.java,org.apache.commons.logging.jdk14.TestHandler,publish/1[java.util.logging.LogRecord],records,1
/Users/victorfrancorezende/./commons-logging/src/test/java/org/apache/commons/logging/jdk14/TestHandler.java,org.apache.commons.logging.jdk14.TestHandler,records/0,records,2
/Users/victorfrancorezende/./commons-logging/src/test/java/org/apache/commons/logging/jdk14/TestHandler.java,org.apache.commons.logging.jdk14.TestHandler,flush/0,records,1
/Users/victorfrancorezende/./commons-logging/src/main/java/org/apache/commons/logging/impl/LogKitLogger.java,org.apache.commons.logging.impl.LogKitLogger,LogKitLogger/1[java.lang.String],logger,1
/Users/victorfrancorezende/./commons-logging/src/main/java/org/apache/commons/logging/impl/LogKitLogger.java,org.apache.commons.logging.impl.LogKitLogger,LogKitLogger/1[java.lang.String],name,4
/Users/victorfrancorezende/./commons-logging/src/main/java/org/apache/commons/logging/impl/LogKitLogger.java,org.apache.commons.logging.impl.LogKitLogger,getLogger/0,logger,3
/Users/victorfrancorezende/./commons-logging/src/main/java/org/apache/commons/logging/impl/LogKitLogger.java,org.apache.commons.logging.impl.LogKitLogger,getLogger/0,name,1
/Users/victorfrancorezende/./commons-logging/src/main/java/org/apache/commons/logging/impl/WeakHashtable.java,org.apache.commons.logging.impl.WeakHashtable,"put/2[java.lang.Object,java.lang.Object]",PARTIAL_PURGE_COUNT,1
/Users/victorfrancorezende/./commons-logging/src/main/java/org/apache/commons/logging/impl/WeakHashtable.java,org.apache.commons.logging.impl.WeakHashtable,"put/2[java.lang.Object,java.lang.Object]",changeCount,3
/Users/victorfrancorezende/./commons-logging/src/main/java/org/apache/commons/logging/impl/WeakHashtable.java,org.apache.commons.logging.impl.WeakHashtable,"put/2[java.lang.Object,java.lang.Object]",MAX_CHANGES_BEFORE_PURGE,1
/Users/victorfrancorezende/./commons-logging/src/main/java/org/apache/commons/logging/impl/WeakHashtable.java,org.apache.commons.logging.impl.WeakHashtable,"put/2[java.lang.Object,java.lang.Object]",queue,1
/Users/victorfrancorezende/./commons-logging/src/main/java/org/apache/commons/logging/impl/WeakHashtable.java,org.apache.commons.logging.impl.WeakHashtable,remove/1[java.lang.Object],PARTIAL_PURGE_COUNT,1
/Users/victorfrancorezende/./commons-logging/src/main/java/org/apache/commons/logging/impl/WeakHashtable.java,org.apache.commons.logging.impl.WeakHashtable,remove/1[java.lang.Object],changeCount,3
/Users/victorfrancorezende/./commons-logging/src/main/java/org/apache/commons/logging/impl/WeakHashtable.java,org.apache.commons.logging.impl.WeakHashtable,remove/1[java.lang.Object],MAX_CHANGES_BEFORE_PURGE,1
/Users/victorfrancorezende/./commons-logging/src/main/java/org/apache/commons/logging/impl/WeakHashtable.java,org.apache.commons.logging.impl.WeakHashtable,purgeOne/0,queue,2
/Users/victorfrancorezende/./commons-logging/src/main/java/org/apache/commons/logging/impl/WeakHashtable.java,org.apache.commons.logging.impl.WeakHashtable,purge/0,queue,2
/Users/victorfrancorezende/./commons-logging/src/test/java/org/apache/commons/logging/simple/DecoratedSimpleLog.java,org.apache.commons.logging.simple.DecoratedSimpleLog,"log/3[int,java.lang.Object,java.lang.Throwable]",cache,1
/Users/victorfrancorezende/./commons-logging/src/test/java/org/apache/commons/logging/simple/DecoratedSimpleLog.java,org.apache.commons.logging.simple.DecoratedSimpleLog,clearCache/0,cache,1
/Users/victorfrancorezende/./commons-logging/src/test/java/org/apache/commons/logging/simple/DecoratedSimpleLog.java,org.apache.commons.logging.simple.DecoratedSimpleLog,getCache/0,cache,1
/Users/victorfrancorezende/./commons-logging/src/main/java/org/apache/commons/logging/LogConfigurationException.java,org.apache.commons.logging.LogConfigurationException,LogConfigurationException/1[java.lang.Throwable],cause,5
/Users/victorfrancorezende/./commons-logging/src/main/java/org/apache/commons/logging/LogConfigurationException.java,org.apache.commons.logging.LogConfigurationException,"LogConfigurationException/2[java.lang.String,java.lang.Throwable]",cause,5
/Users/victorfrancorezende/./commons-logging/src/main/java/org/apache/commons/logging/LogConfigurationException.java,org.apache.commons.logging.LogConfigurationException,getCause/0,cause,1
